,Fecha,match_id,Día,Local,Visitante,goles_local,goles_visitante,xG_local,xG_visitante,posesión_home,posesión_away,home_shots,home_shots_on_target,home_shot_accuracy,away_shots,away_shots_on_target,away_shot_accuracy,home_passes,home_completed_passes,home_passing_accuracy,away_passes,away_completed_passes,away_passing_accuracy
0,2023-08-11,1,Vie,Almería,Rayo Vallecano,0,2,1.4,2.1,0.6,0.4,19.0,5.0,0.26,8.0,2.0,0.25,532.0,448.0,0.84,354.0,268.0,0.76
1,2023-08-11,2,Vie,Sevilla,Valencia,1,2,0.7,1.1,0.55,0.45,9.0,3.0,0.33,10.0,3.0,0.3,474.0,339.0,0.72,385.0,275.0,0.71
2,2023-08-12,3,Sáb,Real Sociedad,Girona,1,1,1.0,0.8,0.48,0.52,15.0,2.0,0.13,6.0,1.0,0.17,415.0,331.0,0.8,458.0,369.0,0.81
3,2023-08-12,4,Sáb,Las Palmas,Mallorca,1,1,0.9,1.6,0.68,0.32,4.0,1.0,0.25,10.0,2.0,0.2,636.0,542.0,0.85,302.0,202.0,0.67
4,2023-08-12,5,Sáb,Athletic Club,Real Madrid,0,2,0.4,0.9,0.46,0.54,7.0,1.0,0.14,14.0,8.0,0.57,552.0,453.0,0.82,639.0,556.0,0.87
5,2023-08-13,6,Dom,Celta Vigo,Osasuna,0,2,1.0,1.0,0.53,0.47,11.0,0.0,0.0,11.0,5.0,0.45,531.0,414.0,0.78,468.0,344.0,0.74
6,2023-08-13,7,Dom,Villarreal,Betis,1,2,0.9,1.1,0.63,0.37,18.0,5.0,0.28,12.0,5.0,0.42,604.0,511.0,0.85,350.0,273.0,0.78
7,2023-08-13,8,Dom,Getafe,Barcelona,0,0,0.6,1.4,0.26,0.74,5.0,2.0,0.4,14.0,3.0,0.21,271.0,186.0,0.69,767.0,680.0,0.89
8,2023-08-14,9,Lun,Cádiz,Alavés,1,0,0.7,0.3,0.45,0.55,12.0,3.0,0.25,10.0,2.0,0.2,337.0,226.0,0.67,417.0,302.0,0.72
9,2023-08-14,10,Lun,Atlético Madrid,Granada,3,1,2.4,0.9,0.46,0.54,14.0,6.0,0.43,7.0,4.0,0.57,479.0,386.0,0.81,561.0,458.0,0.82
10,2023-08-18,11,Vie,Mallorca,Villarreal,0,1,0.4,1.8,0.4,0.6,8.0,1.0,0.13,15.0,3.0,0.2,370.0,288.0,0.78,554.0,486.0,0.88
11,2023-08-18,12,Vie,Valencia,Las Palmas,1,0,1.5,0.5,0.39,0.61,8.0,3.0,0.38,7.0,1.0,0.14,411.0,317.0,0.77,641.0,549.0,0.86
12,2023-08-19,13,Sáb,Real Sociedad,Celta Vigo,1,1,0.7,1.0,0.53,0.47,11.0,2.0,0.18,17.0,6.0,0.35,468.0,341.0,0.73,421.0,300.0,0.71
13,2023-08-19,14,Sáb,Almería,Real Madrid,1,3,1.3,2.0,0.43,0.57,20.0,8.0,0.4,25.0,9.0,0.36,471.0,394.0,0.84,622.0,548.0,0.88
14,2023-08-19,15,Sáb,Osasuna,Athletic Club,0,2,1.3,1.5,0.63,0.37,18.0,7.0,0.39,8.0,2.0,0.25,608.0,474.0,0.78,361.0,249.0,0.69
15,2023-08-20,16,Dom,Girona,Getafe,3,0,1.4,0.7,0.63,0.37,7.0,6.0,0.86,9.0,2.0,0.22,558.0,472.0,0.85,321.0,209.0,0.65
16,2023-08-20,17,Dom,Barcelona,Cádiz,2,0,3.4,1.1,0.74,0.26,24.0,10.0,0.42,10.0,1.0,0.1,659.0,585.0,0.89,229.0,151.0,0.66
17,2023-08-20,18,Dom,Betis,Atlético Madrid,0,0,0.7,0.5,0.53,0.47,14.0,0.0,0.0,5.0,1.0,0.2,598.0,511.0,0.85,526.0,438.0,0.83
18,2023-08-21,19,Lun,Alavés,Sevilla,4,3,1.8,0.6,0.34,0.66,14.0,7.0,0.5,12.0,2.0,0.17,313.0,194.0,0.62,618.0,500.0,0.81
19,2023-08-21,20,Lun,Granada,Rayo Vallecano,0,2,1.2,2.1,0.48,0.52,14.0,7.0,0.5,17.0,9.0,0.53,414.0,308.0,0.74,443.0,334.0,0.75
20,2023-08-25,21,Vie,Las Palmas,Real Sociedad,0,0,0.9,1.0,0.52,0.48,11.0,5.0,0.45,8.0,1.0,0.13,501.0,396.0,0.79,465.0,359.0,0.77
21,2023-08-25,22,Vie,Celta Vigo,Real Madrid,0,1,1.2,1.4,0.37,0.63,13.0,4.0,0.31,9.0,2.0,0.22,394.0,302.0,0.77,672.0,589.0,0.88
22,2023-08-26,23,Sáb,Cádiz,Almería,1,1,1.6,0.3,0.52,0.48,11.0,3.0,0.27,5.0,2.0,0.4,394.0,292.0,0.74,368.0,274.0,0.74
23,2023-08-26,24,Sáb,Granada,Mallorca,3,2,1.4,2.6,0.53,0.47,9.0,3.0,0.33,9.0,5.0,0.56,399.0,306.0,0.77,358.0,265.0,0.74
24,2023-08-26,25,Sáb,Sevilla,Girona,1,2,1.7,1.7,0.52,0.48,21.0,4.0,0.19,8.0,3.0,0.38,477.0,352.0,0.74,445.0,347.0,0.78
25,2023-08-27,26,Dom,Villarreal,Barcelona,3,4,1.9,3.1,0.4,0.6,13.0,6.0,0.46,21.0,11.0,0.52,413.0,344.0,0.83,628.0,557.0,0.89
26,2023-08-27,27,Dom,Valencia,Osasuna,1,2,1.7,1.2,0.64,0.36,16.0,4.0,0.25,6.0,1.0,0.17,573.0,459.0,0.8,317.0,213.0,0.67
27,2023-08-27,28,Dom,Athletic Club,Betis,4,2,2.9,0.4,0.48,0.52,12.0,4.0,0.33,9.0,4.0,0.44,464.0,349.0,0.75,504.0,389.0,0.77
28,2023-08-28,29,Lun,Getafe,Alavés,1,0,2.2,0.7,0.47,0.53,14.0,3.0,0.21,16.0,1.0,0.06,351.0,226.0,0.64,401.0,270.0,0.67
29,2023-08-28,30,Lun,Rayo Vallecano,Atlético Madrid,0,7,0.6,3.4,0.56,0.44,12.0,3.0,0.25,17.0,10.0,0.59,537.0,405.0,0.75,414.0,307.0,0.74
30,2023-09-01,31,Vie,Cádiz,Villarreal,3,1,2.1,0.3,0.43,0.57,17.0,3.0,0.18,7.0,3.0,0.43,347.0,251.0,0.72,466.0,385.0,0.83
31,2023-09-01,32,Vie,Almería,Celta Vigo,2,3,3.0,1.5,0.63,0.37,16.0,5.0,0.31,14.0,7.0,0.5,667.0,570.0,0.85,399.0,308.0,0.77
32,2023-09-02,33,Sáb,Real Sociedad,Granada,5,3,2.3,0.8,0.61,0.39,15.0,6.0,0.4,8.0,5.0,0.63,583.0,478.0,0.82,372.0,255.0,0.69
33,2023-09-02,34,Sáb,Real Madrid,Getafe,2,1,2.8,0.4,0.76,0.24,26.0,12.0,0.46,6.0,2.0,0.33,782.0,674.0,0.86,253.0,164.0,0.65
34,2023-09-02,35,Sáb,Alavés,Valencia,1,0,1.3,0.8,0.4,0.6,6.0,0.0,0.0,9.0,4.0,0.44,357.0,246.0,0.69,531.0,428.0,0.81
35,2023-09-02,36,Sáb,Betis,Rayo Vallecano,1,0,1.0,1.5,0.55,0.45,14.0,5.0,0.36,15.0,6.0,0.4,515.0,428.0,0.83,420.0,319.0,0.76
36,2023-09-03,37,Dom,Girona,Las Palmas,1,0,1.0,1.1,0.46,0.54,11.0,6.0,0.55,10.0,5.0,0.5,449.0,374.0,0.83,524.0,441.0,0.84
37,2023-09-03,38,Dom,Mallorca,Athletic Club,0,0,0.4,0.6,0.33,0.67,8.0,1.0,0.13,11.0,3.0,0.27,275.0,159.0,0.58,547.0,427.0,0.78
38,2023-09-03,39,Dom,Osasuna,Barcelona,1,2,0.8,2.0,0.31,0.69,11.0,3.0,0.27,8.0,3.0,0.38,319.0,223.0,0.7,694.0,618.0,0.89
39,2023-09-15,40,Vie,Rayo Vallecano,Alavés,2,0,2.6,0.7,0.51,0.49,19.0,10.0,0.53,9.0,1.0,0.11,436.0,318.0,0.73,411.0,290.0,0.71
40,2023-09-16,41,Sáb,Athletic Club,Cádiz,3,0,2.9,0.3,0.65,0.35,20.0,8.0,0.4,5.0,4.0,0.8,546.0,411.0,0.75,295.0,182.0,0.62
41,2023-09-16,42,Sáb,Valencia,Atlético Madrid,3,0,1.3,0.6,0.37,0.63,12.0,8.0,0.67,11.0,3.0,0.27,360.0,276.0,0.77,601.0,496.0,0.83
42,2023-09-16,43,Sáb,Celta Vigo,Mallorca,0,1,1.3,0.8,0.6,0.4,16.0,4.0,0.25,7.0,3.0,0.43,577.0,456.0,0.79,382.0,292.0,0.76
43,2023-09-16,44,Sáb,Barcelona,Betis,5,0,2.4,0.8,0.65,0.35,17.0,9.0,0.53,11.0,2.0,0.18,692.0,619.0,0.89,369.0,300.0,0.81
44,2023-09-17,45,Dom,Getafe,Osasuna,3,2,0.5,1.1,0.44,0.56,11.0,6.0,0.55,7.0,2.0,0.29,398.0,262.0,0.66,498.0,357.0,0.72
45,2023-09-17,46,Dom,Villarreal,Almería,2,1,0.9,1.5,0.62,0.38,10.0,4.0,0.4,17.0,7.0,0.41,545.0,453.0,0.83,333.0,248.0,0.74
46,2023-09-17,47,Dom,Sevilla,Las Palmas,1,0,1.7,1.0,0.43,0.57,26.0,9.0,0.35,14.0,2.0,0.14,404.0,285.0,0.71,526.0,420.0,0.8
47,2023-09-17,48,Dom,Real Madrid,Real Sociedad,2,1,2.0,1.6,0.52,0.48,17.0,8.0,0.47,15.0,5.0,0.33,558.0,477.0,0.85,521.0,448.0,0.86
48,2023-09-18,49,Lun,Granada,Girona,2,4,1.6,2.8,0.43,0.57,12.0,5.0,0.42,13.0,6.0,0.46,370.0,285.0,0.77,492.0,412.0,0.84
49,2023-09-22,50,Vie,Alavés,Athletic Club,0,2,1.1,1.7,0.44,0.56,15.0,5.0,0.33,11.0,3.0,0.27,422.0,294.0,0.7,547.0,429.0,0.78
50,2023-09-23,51,Sáb,Girona,Mallorca,5,3,3.2,1.8,0.56,0.44,22.0,8.0,0.36,14.0,4.0,0.29,568.0,492.0,0.87,443.0,365.0,0.82
51,2023-09-23,52,Sáb,Osasuna,Sevilla,0,0,1.4,0.8,0.44,0.56,16.0,2.0,0.13,15.0,3.0,0.2,376.0,222.0,0.59,477.0,323.0,0.68
52,2023-09-23,53,Sáb,Barcelona,Celta Vigo,3,2,1.6,1.5,0.74,0.26,15.0,6.0,0.4,13.0,7.0,0.54,858.0,767.0,0.89,302.0,218.0,0.72
53,2023-09-23,54,Sáb,Almería,Valencia,2,2,2.6,0.8,0.61,0.39,17.0,10.0,0.59,7.0,5.0,0.71,597.0,500.0,0.84,386.0,278.0,0.72
54,2023-09-24,55,Dom,Real Sociedad,Getafe,4,3,2.0,1.4,0.61,0.39,9.0,5.0,0.56,9.0,6.0,0.67,528.0,420.0,0.8,339.0,223.0,0.66
55,2023-09-24,56,Dom,Rayo Vallecano,Villarreal,1,1,1.2,1.6,0.42,0.58,11.0,6.0,0.55,13.0,6.0,0.46,366.0,276.0,0.75,508.0,422.0,0.83
56,2023-09-24,57,Dom,Las Palmas,Granada,1,0,0.6,0.0,0.56,0.44,10.0,3.0,0.3,2.0,1.0,0.5,474.0,376.0,0.79,366.0,240.0,0.66
57,2023-09-24,58,Dom,Betis,Cádiz,1,1,1.8,0.2,0.63,0.37,21.0,7.0,0.33,5.0,1.0,0.2,549.0,475.0,0.87,328.0,235.0,0.72
58,2023-09-24,59,Dom,Atlético Madrid,Real Madrid,3,1,1.4,1.0,0.37,0.63,10.0,4.0,0.4,20.0,5.0,0.25,384.0,310.0,0.81,654.0,584.0,0.89
59,2023-09-26,60,Mar,Sevilla,Almería,5,1,2.2,1.8,0.46,0.54,18.0,9.0,0.5,9.0,0.0,0.0,408.0,315.0,0.77,477.0,381.0,0.8
60,2023-09-26,61,Mar,Mallorca,Barcelona,2,2,0.8,1.9,0.31,0.69,10.0,5.0,0.5,10.0,4.0,0.4,278.0,164.0,0.59,621.0,524.0,0.84
61,2023-09-27,62,Mié,Athletic Club,Getafe,2,2,0.7,1.4,0.49,0.51,8.0,4.0,0.5,13.0,5.0,0.38,434.0,321.0,0.74,456.0,326.0,0.71
62,2023-09-27,63,Mié,Real Madrid,Las Palmas,2,0,1.7,0.7,0.48,0.52,21.0,9.0,0.43,16.0,2.0,0.13,618.0,534.0,0.86,680.0,615.0,0.9
63,2023-09-27,64,Mié,Villarreal,Girona,1,2,1.8,2.1,0.53,0.47,13.0,2.0,0.15,17.0,5.0,0.29,508.0,434.0,0.85,442.0,379.0,0.86
64,2023-09-27,65,Mié,Cádiz,Rayo Vallecano,0,0,0.6,0.3,0.52,0.48,9.0,2.0,0.22,9.0,4.0,0.44,459.0,326.0,0.71,430.0,297.0,0.69
65,2023-09-27,66,Mié,Valencia,Real Sociedad,0,1,0.4,0.2,0.38,0.62,9.0,2.0,0.22,2.0,1.0,0.5,393.0,282.0,0.72,646.0,535.0,0.83
66,2023-09-28,67,Jue,Celta Vigo,Alavés,1,1,0.6,2.6,0.46,0.54,8.0,0.0,0.0,21.0,9.0,0.43,428.0,333.0,0.78,497.0,409.0,0.82
67,2023-09-28,68,Jue,Granada,Betis,1,1,1.8,0.9,0.39,0.61,18.0,7.0,0.39,13.0,3.0,0.23,365.0,275.0,0.75,565.0,465.0,0.82
68,2023-09-28,69,Jue,Osasuna,Atlético Madrid,0,2,1.0,1.5,0.55,0.45,13.0,2.0,0.15,5.0,3.0,0.6,570.0,447.0,0.78,472.0,366.0,0.78
69,2023-09-29,70,Vie,Barcelona,Sevilla,1,0,2.4,1.1,0.58,0.42,18.0,4.0,0.22,12.0,3.0,0.25,519.0,431.0,0.83,378.0,280.0,0.74
70,2023-09-30,71,Sáb,Getafe,Villarreal,0,0,0.9,0.1,0.64,0.36,22.0,9.0,0.41,3.0,0.0,0.0,533.0,426.0,0.8,302.0,209.0,0.69
71,2023-09-30,72,Sáb,Rayo Vallecano,Mallorca,2,2,2.3,1.5,0.6,0.4,18.0,4.0,0.22,9.0,4.0,0.44,541.0,434.0,0.8,356.0,238.0,0.67
72,2023-09-30,73,Sáb,Girona,Real Madrid,0,3,1.6,2.3,0.52,0.48,13.0,3.0,0.23,14.0,7.0,0.5,602.0,529.0,0.88,546.0,483.0,0.88
73,2023-09-30,74,Sáb,Real Sociedad,Athletic Club,3,0,1.4,1.8,0.51,0.49,8.0,5.0,0.63,18.0,3.0,0.17,443.0,323.0,0.73,426.0,316.0,0.74
74,2023-10-01,75,Dom,Almería,Granada,3,3,2.9,2.9,0.49,0.51,17.0,5.0,0.29,17.0,2.0,0.12,402.0,301.0,0.75,425.0,330.0,0.78
75,2023-10-01,76,Dom,Alavés,Osasuna,0,2,1.5,1.1,0.46,0.54,17.0,3.0,0.18,10.0,3.0,0.3,410.0,288.0,0.7,478.0,368.0,0.77
76,2023-10-01,77,Dom,Atlético Madrid,Cádiz,3,2,2.7,0.8,0.69,0.31,18.0,9.0,0.5,8.0,4.0,0.5,771.0,658.0,0.85,339.0,235.0,0.69
77,2023-10-01,78,Dom,Betis,Valencia,3,0,1.6,0.7,0.55,0.45,15.0,7.0,0.47,9.0,2.0,0.22,544.0,459.0,0.84,441.0,347.0,0.79
78,2023-10-02,79,Lun,Las Palmas,Celta Vigo,2,1,1.7,1.5,0.73,0.27,15.0,4.0,0.27,11.0,3.0,0.27,791.0,687.0,0.87,286.0,193.0,0.67
79,2023-10-06,80,Vie,Athletic Club,Almería,3,0,1.9,0.1,0.59,0.41,23.0,9.0,0.39,4.0,1.0,0.25,557.0,461.0,0.83,391.0,289.0,0.74
80,2023-10-07,81,Sáb,Cádiz,Girona,0,1,0.4,1.2,0.27,0.73,8.0,2.0,0.25,20.0,5.0,0.25,243.0,136.0,0.56,666.0,571.0,0.86
81,2023-10-07,82,Sáb,Real Madrid,Osasuna,4,0,3.2,0.5,0.67,0.33,18.0,8.0,0.44,7.0,1.0,0.14,745.0,673.0,0.9,371.0,294.0,0.79
82,2023-10-07,83,Sáb,Mallorca,Valencia,1,1,0.6,0.5,0.49,0.51,9.0,5.0,0.56,11.0,3.0,0.27,488.0,381.0,0.78,509.0,400.0,0.79
83,2023-10-07,84,Sáb,Sevilla,Rayo Vallecano,2,2,1.0,1.0,0.64,0.36,22.0,6.0,0.27,7.0,4.0,0.57,507.0,389.0,0.77,291.0,184.0,0.63
84,2023-10-08,85,Dom,Villarreal,Las Palmas,1,2,1.0,1.1,0.49,0.51,9.0,4.0,0.44,7.0,4.0,0.57,461.0,374.0,0.81,472.0,398.0,0.84
85,2023-10-08,86,Dom,Atlético Madrid,Real Sociedad,2,1,2.2,1.2,0.38,0.62,13.0,4.0,0.31,13.0,4.0,0.31,369.0,270.0,0.73,604.0,513.0,0.85
86,2023-10-08,87,Dom,Alavés,Betis,1,1,1.3,0.9,0.4,0.6,15.0,5.0,0.33,6.0,2.0,0.33,389.0,285.0,0.73,592.0,486.0,0.82
87,2023-10-08,88,Dom,Celta Vigo,Getafe,2,2,3.1,0.7,0.74,0.26,25.0,10.0,0.4,3.0,2.0,0.67,658.0,540.0,0.82,230.0,124.0,0.54
88,2023-10-08,89,Dom,Granada,Barcelona,2,2,0.8,3.0,0.2,0.8,7.0,2.0,0.29,22.0,10.0,0.45,205.0,131.0,0.64,823.0,725.0,0.88
89,2023-10-20,90,Vie,Osasuna,Granada,2,0,2.1,0.6,0.58,0.42,11.0,5.0,0.45,13.0,3.0,0.23,562.0,432.0,0.77,408.0,294.0,0.72
90,2023-10-21,91,Sáb,Real Sociedad,Mallorca,1,0,1.3,1.9,0.56,0.44,14.0,6.0,0.43,18.0,6.0,0.33,441.0,330.0,0.75,343.0,225.0,0.66
91,2023-10-21,92,Sáb,Getafe,Betis,1,1,1.5,1.1,0.45,0.55,13.0,3.0,0.23,13.0,3.0,0.23,389.0,275.0,0.71,475.0,372.0,0.78
92,2023-10-21,93,Sáb,Sevilla,Real Madrid,1,1,1.5,1.6,0.49,0.51,17.0,6.0,0.35,14.0,4.0,0.29,511.0,445.0,0.87,535.0,469.0,0.88
93,2023-10-21,94,Sáb,Celta Vigo,Atlético Madrid,0,3,0.9,1.8,0.36,0.64,16.0,3.0,0.19,11.0,6.0,0.55,456.0,375.0,0.82,807.0,723.0,0.9
94,2023-10-22,95,Dom,Las Palmas,Rayo Vallecano,0,1,1.3,1.4,0.6,0.4,11.0,5.0,0.45,11.0,3.0,0.27,607.0,493.0,0.81,404.0,296.0,0.73
95,2023-10-22,96,Dom,Girona,Almería,5,2,1.9,1.0,0.66,0.34,19.0,8.0,0.42,9.0,5.0,0.56,664.0,578.0,0.87,335.0,243.0,0.73
96,2023-10-22,97,Dom,Villarreal,Alavés,1,1,1.5,1.7,0.68,0.32,11.0,2.0,0.18,16.0,7.0,0.44,629.0,540.0,0.86,299.0,200.0,0.67
97,2023-10-22,98,Dom,Barcelona,Athletic Club,1,0,1.3,0.4,0.62,0.38,12.0,7.0,0.58,10.0,3.0,0.3,576.0,484.0,0.84,354.0,260.0,0.73
98,2023-10-23,99,Lun,Valencia,Cádiz,2,0,1.5,0.6,0.61,0.39,12.0,4.0,0.33,5.0,4.0,0.8,590.0,507.0,0.86,371.0,278.0,0.75
99,2023-10-27,100,Vie,Girona,Celta Vigo,1,0,0.6,0.2,0.65,0.35,12.0,2.0,0.17,4.0,2.0,0.5,652.0,552.0,0.85,345.0,251.0,0.73
100,2023-10-28,101,Sáb,Almería,Las Palmas,1,2,0.3,0.9,0.41,0.59,10.0,4.0,0.4,10.0,3.0,0.3,438.0,308.0,0.7,625.0,507.0,0.81
101,2023-10-28,102,Sáb,Barcelona,Real Madrid,1,2,1.5,1.1,0.53,0.47,15.0,3.0,0.2,13.0,4.0,0.31,591.0,503.0,0.85,533.0,469.0,0.88
102,2023-10-28,103,Sáb,Mallorca,Getafe,0,0,0.9,0.2,0.59,0.41,15.0,4.0,0.27,8.0,0.0,0.0,448.0,306.0,0.68,315.0,174.0,0.55
103,2023-10-28,104,Sáb,Cádiz,Sevilla,2,2,1.1,1.2,0.34,0.66,10.0,5.0,0.5,20.0,10.0,0.5,315.0,204.0,0.65,603.0,492.0,0.82
104,2023-10-29,105,Dom,Betis,Osasuna,2,1,1.2,0.4,0.51,0.49,9.0,2.0,0.22,7.0,1.0,0.14,488.0,381.0,0.78,471.0,354.0,0.75
105,2023-10-29,106,Dom,Rayo Vallecano,Real Sociedad,2,2,1.0,2.0,0.55,0.45,16.0,7.0,0.44,14.0,2.0,0.14,488.0,383.0,0.78,396.0,279.0,0.7
106,2023-10-29,107,Dom,Athletic Club,Valencia,2,2,1.9,1.9,0.57,0.43,12.0,7.0,0.58,11.0,4.0,0.36,564.0,446.0,0.79,423.0,303.0,0.72
107,2023-10-29,108,Dom,Atlético Madrid,Alavés,2,1,1.3,0.5,0.63,0.37,11.0,7.0,0.64,8.0,1.0,0.13,774.0,682.0,0.88,448.0,352.0,0.79
108,2023-10-30,109,Lun,Granada,Villarreal,2,3,2.1,1.6,0.46,0.54,18.0,8.0,0.44,5.0,4.0,0.8,451.0,355.0,0.79,537.0,450.0,0.84
109,2023-11-03,110,Vie,Las Palmas,Atlético Madrid,2,1,0.4,1.2,0.52,0.48,9.0,3.0,0.33,13.0,5.0,0.38,583.0,488.0,0.84,533.0,415.0,0.78
110,2023-11-04,111,Sáb,Osasuna,Girona,2,4,1.4,2.2,0.5,0.5,15.0,3.0,0.2,11.0,4.0,0.36,478.0,381.0,0.8,475.0,391.0,0.82
111,2023-11-04,112,Sáb,Betis,Mallorca,2,0,2.2,0.6,0.57,0.43,22.0,3.0,0.14,8.0,1.0,0.13,527.0,445.0,0.84,403.0,302.0,0.75
112,2023-11-04,113,Sáb,Celta Vigo,Sevilla,1,1,2.1,0.9,0.39,0.61,15.0,3.0,0.2,13.0,5.0,0.38,387.0,287.0,0.74,608.0,485.0,0.8
113,2023-11-04,114,Sáb,Real Sociedad,Barcelona,0,1,0.9,1.2,0.51,0.49,13.0,6.0,0.46,12.0,4.0,0.33,442.0,351.0,0.79,423.0,354.0,0.84
114,2023-11-05,115,Dom,Alavés,Almería,1,0,2.4,0.5,0.56,0.44,22.0,3.0,0.14,9.0,3.0,0.33,401.0,296.0,0.74,309.0,213.0,0.69
115,2023-11-05,116,Dom,Valencia,Granada,1,0,1.2,0.5,0.51,0.49,10.0,1.0,0.1,6.0,1.0,0.17,444.0,331.0,0.75,428.0,320.0,0.75
116,2023-11-05,117,Dom,Villarreal,Athletic Club,2,3,2.1,2.3,0.58,0.43,17.0,6.0,0.35,17.0,7.0,0.41,575.0,481.0,0.84,425.0,315.0,0.74
117,2023-11-05,118,Dom,Real Madrid,Rayo Vallecano,0,0,2.2,0.1,0.63,0.37,22.0,5.0,0.23,4.0,0.0,0.0,598.0,501.0,0.84,351.0,259.0,0.74
118,2023-11-06,119,Lun,Getafe,Cádiz,1,0,1.2,0.5,0.45,0.55,13.0,3.0,0.23,6.0,2.0,0.33,367.0,246.0,0.67,441.0,314.0,0.71
119,2023-11-10,120,Vie,Athletic Club,Celta Vigo,4,3,4.6,2.1,0.58,0.42,20.0,11.0,0.55,12.0,4.0,0.33,546.0,434.0,0.79,403.0,288.0,0.71
120,2023-11-11,121,Sáb,Rayo Vallecano,Girona,1,2,1.7,4.5,0.46,0.54,22.0,9.0,0.41,19.0,6.0,0.32,483.0,389.0,0.81,563.0,481.0,0.85
121,2023-11-11,122,Sáb,Almería,Real Sociedad,1,3,0.4,2.4,0.47,0.53,7.0,2.0,0.29,17.0,5.0,0.29,344.0,225.0,0.65,395.0,291.0,0.74
122,2023-11-11,123,Sáb,Osasuna,Las Palmas,1,1,1.0,0.4,0.46,0.54,11.0,3.0,0.27,6.0,1.0,0.17,474.0,338.0,0.71,563.0,438.0,0.78
123,2023-11-11,124,Sáb,Granada,Getafe,1,1,1.7,2.3,0.58,0.42,12.0,6.0,0.5,10.0,6.0,0.6,520.0,379.0,0.73,379.0,240.0,0.63
124,2023-11-11,125,Sáb,Real Madrid,Valencia,5,1,1.7,1.7,0.56,0.44,16.0,7.0,0.44,10.0,4.0,0.4,589.0,522.0,0.89,470.0,393.0,0.84
125,2023-11-12,126,Dom,Barcelona,Alavés,2,1,1.6,1.7,0.71,0.29,10.0,5.0,0.5,8.0,1.0,0.13,793.0,691.0,0.87,317.0,209.0,0.66
126,2023-11-12,127,Dom,Sevilla,Betis,1,1,0.7,1.8,0.61,0.39,13.0,4.0,0.31,14.0,6.0,0.43,528.0,415.0,0.79,341.0,252.0,0.74
127,2023-11-12,128,Dom,Atlético Madrid,Villarreal,3,1,3.9,0.8,0.5,0.5,25.0,10.0,0.4,11.0,7.0,0.64,608.0,517.0,0.85,612.0,537.0,0.88
128,2023-11-24,129,Vie,Alavés,Granada,3,1,0.8,1.1,0.43,0.57,8.0,5.0,0.63,10.0,3.0,0.3,387.0,284.0,0.73,515.0,420.0,0.82
129,2023-11-25,130,Sáb,Rayo Vallecano,Barcelona,1,1,0.7,1.0,0.33,0.67,10.0,4.0,0.4,15.0,4.0,0.27,322.0,231.0,0.72,640.0,564.0,0.88
130,2023-11-25,131,Sáb,Valencia,Celta Vigo,0,0,0.5,0.8,0.55,0.45,8.0,0.0,0.0,13.0,1.0,0.08,528.0,411.0,0.78,439.0,312.0,0.71
131,2023-11-25,132,Sáb,Getafe,Almería,2,1,1.2,1.8,0.53,0.47,18.0,5.0,0.28,13.0,4.0,0.31,470.0,342.0,0.73,415.0,273.0,0.66
132,2023-11-25,133,Sáb,Atlético Madrid,Mallorca,1,0,1.7,1.1,0.68,0.32,20.0,3.0,0.15,8.0,1.0,0.13,706.0,598.0,0.85,338.0,252.0,0.75
133,2023-11-26,134,Dom,Villarreal,Osasuna,3,1,2.4,1.0,0.45,0.55,10.0,3.0,0.3,15.0,7.0,0.47,495.0,401.0,0.81,607.0,492.0,0.81
134,2023-11-26,135,Dom,Real Sociedad,Sevilla,2,1,0.7,0.6,0.49,0.51,11.0,8.0,0.73,8.0,2.0,0.25,442.0,331.0,0.75,461.0,343.0,0.74
135,2023-11-26,136,Dom,Cádiz,Real Madrid,0,3,1.2,1.6,0.39,0.61,13.0,4.0,0.31,14.0,5.0,0.36,448.0,370.0,0.83,687.0,622.0,0.91
136,2023-11-26,137,Dom,Betis,Las Palmas,1,0,1.4,0.6,0.39,0.61,12.0,6.0,0.5,15.0,4.0,0.27,442.0,352.0,0.8,678.0,579.0,0.85
137,2023-11-27,138,Lun,Girona,Athletic Club,1,1,1.3,1.5,0.6,0.4,13.0,2.0,0.15,13.0,6.0,0.46,655.0,575.0,0.88,440.0,349.0,0.79
138,2023-11-29,139,Mié,Mallorca,Cádiz,1,1,1.1,0.3,0.67,0.33,16.0,3.0,0.19,6.0,3.0,0.5,507.0,374.0,0.74,245.0,139.0,0.57
139,2023-12-01,140,Vie,Las Palmas,Getafe,2,0,1.5,0.9,0.7,0.3,11.0,6.0,0.55,12.0,4.0,0.33,716.0,612.0,0.85,313.0,198.0,0.63
140,2023-12-02,141,Sáb,Girona,Valencia,2,1,1.6,1.0,0.75,0.25,9.0,5.0,0.56,9.0,3.0,0.33,730.0,624.0,0.85,244.0,164.0,0.67
141,2023-12-02,142,Sáb,Athletic Club,Rayo Vallecano,4,0,1.3,0.5,0.51,0.49,9.0,4.0,0.44,11.0,3.0,0.27,525.0,406.0,0.77,512.0,395.0,0.77
142,2023-12-02,143,Sáb,Real Madrid,Granada,2,0,1.8,0.1,0.71,0.29,11.0,4.0,0.36,2.0,0.0,0.0,855.0,781.0,0.91,355.0,294.0,0.83
143,2023-12-02,144,Sáb,Osasuna,Real Sociedad,1,1,0.7,1.7,0.29,0.71,9.0,3.0,0.33,17.0,5.0,0.29,271.0,171.0,0.63,655.0,551.0,0.84
144,2023-12-03,145,Dom,Mallorca,Alavés,0,0,0.8,0.3,0.63,0.37,7.0,3.0,0.43,7.0,4.0,0.57,562.0,433.0,0.77,327.0,220.0,0.67
145,2023-12-03,146,Dom,Almería,Betis,0,0,2.4,0.5,0.62,0.38,20.0,8.0,0.4,6.0,2.0,0.33,560.0,442.0,0.79,349.0,232.0,0.66
146,2023-12-03,147,Dom,Sevilla,Villarreal,1,1,1.8,1.2,0.57,0.43,18.0,4.0,0.22,5.0,4.0,0.8,567.0,475.0,0.84,435.0,363.0,0.83
147,2023-12-03,148,Dom,Barcelona,Atlético Madrid,1,0,2.6,0.6,0.58,0.42,13.0,2.0,0.15,8.0,3.0,0.38,648.0,578.0,0.89,465.0,385.0,0.83
148,2023-12-04,149,Lun,Celta Vigo,Cádiz,1,1,2.4,0.3,0.68,0.32,26.0,7.0,0.27,2.0,1.0,0.5,637.0,523.0,0.82,303.0,202.0,0.67
149,2023-12-08,150,Vie,Getafe,Valencia,1,0,0.7,0.1,0.67,0.33,8.0,6.0,0.75,3.0,0.0,0.0,652.0,495.0,0.76,316.0,178.0,0.56
150,2023-12-09,151,Sáb,Alavés,Las Palmas,0,1,1.9,0.4,0.41,0.59,19.0,3.0,0.16,9.0,2.0,0.22,361.0,261.0,0.72,510.0,425.0,0.83
151,2023-12-09,152,Sáb,Betis,Real Madrid,1,1,1.3,1.0,0.37,0.63,14.0,6.0,0.43,12.0,2.0,0.17,452.0,370.0,0.82,765.0,681.0,0.89
152,2023-12-09,153,Sáb,Villarreal,Real Sociedad,0,3,2.2,1.5,0.53,0.47,20.0,4.0,0.2,16.0,5.0,0.31,492.0,387.0,0.79,444.0,355.0,0.8
153,2023-12-09,154,Sáb,Mallorca,Sevilla,1,0,0.5,0.6,0.35,0.65,6.0,3.0,0.5,19.0,5.0,0.26,335.0,223.0,0.67,636.0,525.0,0.83
154,2023-12-10,155,Dom,Atlético Madrid,Almería,2,1,2.2,1.3,0.57,0.43,13.0,4.0,0.31,19.0,6.0,0.32,574.0,471.0,0.82,437.0,320.0,0.73
155,2023-12-10,156,Dom,Cádiz,Osasuna,1,1,0.9,1.6,0.45,0.55,12.0,5.0,0.42,12.0,3.0,0.25,367.0,228.0,0.62,449.0,324.0,0.72
156,2023-12-10,157,Dom,Barcelona,Girona,2,4,3.7,2.5,0.54,0.46,31.0,11.0,0.35,15.0,7.0,0.47,576.0,500.0,0.87,498.0,424.0,0.85
157,2023-12-11,158,Lun,Granada,Athletic Club,1,1,0.7,1.1,0.48,0.52,7.0,2.0,0.29,19.0,4.0,0.21,489.0,381.0,0.78,521.0,402.0,0.77
158,2023-12-11,159,Lun,Rayo Vallecano,Celta Vigo,0,0,1.2,0.1,0.63,0.37,18.0,4.0,0.22,4.0,2.0,0.5,654.0,531.0,0.81,384.0,273.0,0.71
159,2023-12-15,160,Vie,Osasuna,Rayo Vallecano,1,0,1.2,0.7,0.6,0.4,10.0,4.0,0.4,10.0,3.0,0.3,497.0,365.0,0.73,326.0,217.0,0.67
160,2023-12-16,161,Sáb,Celta Vigo,Granada,1,0,1.4,0.5,0.39,0.61,11.0,4.0,0.36,7.0,2.0,0.29,338.0,227.0,0.67,527.0,423.0,0.8
161,2023-12-16,162,Sáb,Athletic Club,Atlético Madrid,2,0,2.4,0.4,0.38,0.62,15.0,7.0,0.47,7.0,3.0,0.43,423.0,304.0,0.72,687.0,565.0,0.82
162,2023-12-16,163,Sáb,Sevilla,Getafe,0,3,1.0,2.4,0.57,0.43,12.0,4.0,0.33,12.0,5.0,0.42,538.0,404.0,0.75,406.0,280.0,0.69
163,2023-12-16,164,Sáb,Valencia,Barcelona,1,1,0.5,3.2,0.37,0.63,11.0,4.0,0.36,16.0,7.0,0.44,348.0,246.0,0.71,601.0,512.0,0.85
164,2023-12-17,165,Dom,Almería,Mallorca,0,0,0.3,1.9,0.53,0.47,7.0,1.0,0.14,20.0,2.0,0.1,433.0,312.0,0.72,390.0,265.0,0.68
165,2023-12-17,166,Dom,Real Sociedad,Betis,0,0,1.1,1.1,0.57,0.43,12.0,4.0,0.33,12.0,3.0,0.25,541.0,453.0,0.84,401.0,308.0,0.77
166,2023-12-17,167,Dom,Las Palmas,Cádiz,1,1,0.7,1.6,0.64,0.36,7.0,2.0,0.29,13.0,5.0,0.38,619.0,496.0,0.8,352.0,235.0,0.67
167,2023-12-17,168,Dom,Real Madrid,Villarreal,4,1,2.3,0.8,0.6,0.4,22.0,9.0,0.41,3.0,1.0,0.33,679.0,604.0,0.89,458.0,383.0,0.84
168,2023-12-18,169,Lun,Girona,Alavés,3,0,1.7,0.7,0.66,0.34,8.0,3.0,0.38,12.0,2.0,0.17,738.0,656.0,0.89,376.0,307.0,0.82
169,2023-12-19,170,Mar,Rayo Vallecano,Valencia,0,1,0.3,0.3,0.59,0.41,7.0,1.0,0.14,8.0,3.0,0.38,530.0,395.0,0.75,369.0,253.0,0.69
170,2023-12-19,171,Mar,Atlético Madrid,Getafe,3,3,2.0,2.0,0.42,0.58,7.0,3.0,0.43,28.0,8.0,0.29,421.0,318.0,0.76,591.0,477.0,0.81
171,2023-12-19,172,Mar,Granada,Sevilla,0,3,0.9,0.5,0.52,0.48,12.0,3.0,0.25,12.0,5.0,0.42,559.0,450.0,0.81,519.0,423.0,0.82
172,2023-12-20,173,Mié,Barcelona,Almería,3,2,3.4,1.6,0.65,0.35,30.0,11.0,0.37,10.0,5.0,0.5,621.0,547.0,0.88,335.0,243.0,0.73
173,2023-12-20,174,Mié,Athletic Club,Las Palmas,1,0,3.4,0.3,0.5,0.5,18.0,8.0,0.44,5.0,1.0,0.2,521.0,388.0,0.74,515.0,374.0,0.73
174,2023-12-20,175,Mié,Villarreal,Celta Vigo,3,2,2.4,1.3,0.49,0.51,11.0,7.0,0.64,15.0,4.0,0.27,511.0,415.0,0.81,541.0,449.0,0.83
175,2023-12-21,176,Jue,Cádiz,Real Sociedad,0,0,1.0,0.5,0.4,0.6,10.0,2.0,0.2,8.0,1.0,0.13,323.0,223.0,0.69,482.0,361.0,0.75
176,2023-12-21,177,Jue,Betis,Girona,1,1,1.5,1.7,0.47,0.53,21.0,4.0,0.19,11.0,3.0,0.27,560.0,474.0,0.85,624.0,552.0,0.88
177,2023-12-21,178,Jue,Alavés,Real Madrid,0,1,0.6,0.6,0.4,0.6,8.0,2.0,0.25,9.0,4.0,0.44,386.0,301.0,0.78,577.0,519.0,0.9
178,2023-12-21,179,Jue,Mallorca,Osasuna,3,2,1.1,1.6,0.42,0.58,15.0,8.0,0.53,12.0,7.0,0.58,369.0,251.0,0.68,505.0,385.0,0.76
179,2023-12-23,180,Sáb,Atlético Madrid,Sevilla,1,0,0.9,0.3,0.5,0.5,12.0,4.0,0.33,8.0,2.0,0.25,530.0,438.0,0.83,524.0,423.0,0.81
180,2024-01-02,181,Mar,Getafe,Rayo Vallecano,0,2,0.4,1.9,0.38,0.62,5.0,0.0,0.0,12.0,7.0,0.58,340.0,228.0,0.67,544.0,445.0,0.82
181,2024-01-02,182,Mar,Real Sociedad,Alavés,1,1,1.2,1.0,0.53,0.47,16.0,5.0,0.31,6.0,1.0,0.17,424.0,306.0,0.72,369.0,272.0,0.74
182,2024-01-02,183,Mar,Valencia,Villarreal,3,1,2.8,0.5,0.46,0.54,9.0,6.0,0.67,8.0,4.0,0.5,455.0,365.0,0.8,540.0,448.0,0.83
183,2024-01-03,184,Mié,Granada,Cádiz,2,0,3.0,0.8,0.55,0.45,15.0,8.0,0.53,15.0,2.0,0.13,425.0,334.0,0.79,353.0,246.0,0.7
184,2024-01-03,185,Mié,Real Madrid,Mallorca,1,0,1.7,0.6,0.67,0.33,17.0,5.0,0.29,7.0,0.0,0.0,691.0,612.0,0.89,347.0,249.0,0.72
185,2024-01-03,186,Mié,Celta Vigo,Betis,2,1,2.7,1.4,0.4,0.6,18.0,5.0,0.28,14.0,3.0,0.21,374.0,284.0,0.76,559.0,459.0,0.82
186,2024-01-03,187,Mié,Girona,Atlético Madrid,4,3,2.3,2.3,0.52,0.48,17.0,9.0,0.53,18.0,12.0,0.67,536.0,470.0,0.88,504.0,421.0,0.84
187,2024-01-04,188,Jue,Osasuna,Almería,1,0,1.3,0.2,0.52,0.48,14.0,2.0,0.14,4.0,0.0,0.0,560.0,438.0,0.78,521.0,400.0,0.77
188,2024-01-04,189,Jue,Sevilla,Athletic Club,0,2,0.7,1.3,0.61,0.39,11.0,2.0,0.18,15.0,5.0,0.33,658.0,536.0,0.81,425.0,304.0,0.72
189,2024-01-04,190,Jue,Las Palmas,Barcelona,1,2,0.7,2.4,0.44,0.56,12.0,3.0,0.25,14.0,4.0,0.29,424.0,340.0,0.8,549.0,443.0,0.81
190,2024-01-12,191,Vie,Sevilla,Alavés,2,3,2.2,2.0,0.68,0.32,18.0,3.0,0.17,16.0,8.0,0.5,632.0,523.0,0.83,294.0,201.0,0.68
191,2024-01-13,192,Sáb,Las Palmas,Villarreal,3,0,0.8,2.0,0.54,0.46,8.0,3.0,0.38,17.0,3.0,0.18,565.0,481.0,0.85,475.0,386.0,0.81
192,2024-01-13,193,Sáb,Mallorca,Celta Vigo,1,1,1.8,0.6,0.57,0.43,17.0,6.0,0.35,6.0,2.0,0.33,481.0,363.0,0.75,369.0,271.0,0.73
193,2024-01-13,194,Sáb,Athletic Club,Real Sociedad,2,1,1.6,1.1,0.49,0.51,10.0,3.0,0.3,9.0,1.0,0.11,398.0,262.0,0.66,414.0,285.0,0.69
194,2024-01-13,195,Sáb,Betis,Granada,1,0,1.8,0.5,0.57,0.43,25.0,6.0,0.24,6.0,2.0,0.33,496.0,395.0,0.8,379.0,288.0,0.76
195,2024-01-14,196,Dom,Almería,Girona,0,0,1.7,0.3,0.46,0.54,20.0,3.0,0.15,5.0,1.0,0.2,439.0,352.0,0.8,516.0,429.0,0.83
196,2024-01-14,197,Dom,Cádiz,Valencia,1,4,1.1,1.9,0.57,0.43,9.0,1.0,0.11,9.0,5.0,0.56,429.0,312.0,0.73,330.0,198.0,0.6
197,2024-01-19,198,Vie,Alavés,Cádiz,1,0,2.0,0.3,0.49,0.51,12.0,2.0,0.17,9.0,1.0,0.11,376.0,265.0,0.7,388.0,291.0,0.75
198,2024-01-20,199,Sáb,Rayo Vallecano,Las Palmas,0,2,1.6,0.7,0.45,0.55,16.0,3.0,0.19,10.0,5.0,0.5,447.0,327.0,0.73,551.0,441.0,0.8
199,2024-01-20,200,Sáb,Villarreal,Mallorca,1,1,1.9,0.4,0.51,0.49,18.0,5.0,0.28,8.0,2.0,0.25,481.0,380.0,0.79,459.0,336.0,0.73
200,2024-01-20,201,Sáb,Valencia,Athletic Club,1,0,0.9,0.5,0.4,0.6,6.0,1.0,0.17,6.0,3.0,0.5,414.0,298.0,0.72,633.0,508.0,0.8
201,2024-01-20,202,Sáb,Celta Vigo,Real Sociedad,0,1,0.3,0.8,0.49,0.51,6.0,2.0,0.33,6.0,2.0,0.33,488.0,356.0,0.73,517.0,387.0,0.75
202,2024-01-21,203,Dom,Osasuna,Getafe,3,2,1.2,1.4,0.43,0.57,13.0,7.0,0.54,10.0,7.0,0.7,321.0,200.0,0.62,425.0,292.0,0.69
203,2024-01-21,204,Dom,Real Madrid,Almería,3,2,2.2,0.9,0.73,0.27,17.0,5.0,0.29,10.0,2.0,0.2,706.0,592.0,0.84,256.0,162.0,0.63
204,2024-01-21,205,Dom,Betis,Barcelona,2,4,1.1,3.0,0.37,0.63,14.0,4.0,0.29,11.0,4.0,0.36,360.0,288.0,0.8,623.0,525.0,0.84
205,2024-01-21,206,Dom,Girona,Sevilla,5,1,2.3,0.7,0.55,0.45,12.0,8.0,0.67,9.0,3.0,0.33,601.0,530.0,0.88,501.0,415.0,0.83
206,2024-01-22,207,Lun,Granada,Atlético Madrid,0,1,0.6,1.2,0.53,0.47,17.0,1.0,0.06,10.0,5.0,0.5,619.0,523.0,0.84,542.0,464.0,0.86
207,2024-01-26,208,Vie,Almería,Alavés,0,3,1.4,1.8,0.64,0.36,19.0,7.0,0.37,10.0,2.0,0.2,574.0,459.0,0.8,328.0,220.0,0.67
208,2024-01-27,209,Sáb,Real Sociedad,Rayo Vallecano,0,0,0.2,0.1,0.51,0.49,6.0,3.0,0.5,5.0,0.0,0.0,434.0,315.0,0.73,416.0,287.0,0.69
209,2024-01-27,210,Sáb,Las Palmas,Real Madrid,1,2,0.7,2.3,0.53,0.47,7.0,2.0,0.29,13.0,5.0,0.38,590.0,536.0,0.91,521.0,456.0,0.88
210,2024-01-27,211,Sáb,Barcelona,Villarreal,3,5,2.2,2.1,0.7,0.3,22.0,9.0,0.41,9.0,6.0,0.67,712.0,612.0,0.86,301.0,219.0,0.73
211,2024-01-27,212,Sáb,Mallorca,Betis,0,1,1.5,0.4,0.53,0.47,14.0,1.0,0.07,8.0,2.0,0.25,547.0,447.0,0.82,485.0,395.0,0.81
212,2024-01-28,213,Dom,Celta Vigo,Girona,0,1,0.6,0.9,0.4,0.6,10.0,5.0,0.5,15.0,6.0,0.4,409.0,303.0,0.74,612.0,509.0,0.83
213,2024-01-28,214,Dom,Cádiz,Athletic Club,0,0,0.4,0.2,0.43,0.57,9.0,2.0,0.22,8.0,0.0,0.0,391.0,273.0,0.7,525.0,411.0,0.78
214,2024-01-28,215,Dom,Sevilla,Osasuna,1,1,0.8,1.2,0.44,0.56,10.0,5.0,0.5,11.0,4.0,0.36,410.0,299.0,0.73,531.0,398.0,0.75
215,2024-01-28,216,Dom,Atlético Madrid,Valencia,2,0,2.4,0.5,0.54,0.46,12.0,8.0,0.67,10.0,3.0,0.3,649.0,568.0,0.88,551.0,456.0,0.83
216,2024-01-29,217,Lun,Getafe,Granada,2,0,1.3,1.9,0.4,0.6,7.0,4.0,0.57,15.0,3.0,0.2,365.0,232.0,0.64,557.0,433.0,0.78
217,2024-01-31,218,Mié,Barcelona,Osasuna,1,0,1.9,1.0,0.68,0.32,16.0,4.0,0.25,9.0,1.0,0.11,676.0,592.0,0.88,323.0,230.0,0.71
218,2024-01-31,219,Mié,Atlético Madrid,Rayo Vallecano,2,1,1.0,0.4,0.54,0.46,8.0,3.0,0.38,10.0,2.0,0.2,533.0,425.0,0.8,448.0,343.0,0.77
219,2024-02-01,220,Jue,Getafe,Real Madrid,0,2,0.8,2.0,0.42,0.58,10.0,2.0,0.2,16.0,9.0,0.56,463.0,366.0,0.79,628.0,549.0,0.87
220,2024-02-02,221,Vie,Athletic Club,Mallorca,4,0,1.7,0.4,0.62,0.38,13.0,6.0,0.46,6.0,2.0,0.33,587.0,484.0,0.82,359.0,250.0,0.7
221,2024-02-03,222,Sáb,Valencia,Almería,2,1,1.4,1.9,0.48,0.52,6.0,2.0,0.33,15.0,4.0,0.27,426.0,309.0,0.73,454.0,348.0,0.77
222,2024-02-03,223,Sáb,Granada,Las Palmas,1,1,0.1,1.0,0.23,0.77,3.0,1.0,0.33,16.0,6.0,0.38,233.0,143.0,0.61,794.0,703.0,0.89
223,2024-02-03,224,Sáb,Alavés,Barcelona,1,3,1.0,1.2,0.36,0.64,13.0,2.0,0.15,8.0,5.0,0.63,330.0,240.0,0.73,581.0,507.0,0.87
224,2024-02-03,225,Sáb,Girona,Real Sociedad,0,0,0.7,0.6,0.49,0.51,11.0,3.0,0.27,11.0,2.0,0.18,441.0,358.0,0.81,468.0,388.0,0.83
225,2024-02-04,226,Dom,Villarreal,Cádiz,0,0,1.2,0.7,0.59,0.41,19.0,4.0,0.21,8.0,2.0,0.25,546.0,431.0,0.79,386.0,269.0,0.7
226,2024-02-04,227,Dom,Osasuna,Celta Vigo,0,3,1.1,1.1,0.7,0.3,18.0,1.0,0.06,6.0,5.0,0.83,749.0,584.0,0.78,319.0,201.0,0.63
227,2024-02-04,228,Dom,Betis,Getafe,1,1,1.6,1.5,0.54,0.46,8.0,1.0,0.13,10.0,1.0,0.1,486.0,356.0,0.73,409.0,270.0,0.66
228,2024-02-04,229,Dom,Real Madrid,Atlético Madrid,1,1,1.9,1.1,0.54,0.46,17.0,4.0,0.24,10.0,5.0,0.5,693.0,641.0,0.92,581.0,506.0,0.87
229,2024-02-05,230,Lun,Rayo Vallecano,Sevilla,1,2,1.8,1.3,0.66,0.34,22.0,5.0,0.23,10.0,6.0,0.6,684.0,548.0,0.8,346.0,221.0,0.64
230,2024-02-09,231,Vie,Cádiz,Betis,0,2,0.8,1.0,0.53,0.47,14.0,5.0,0.36,14.0,5.0,0.36,585.0,484.0,0.83,524.0,433.0,0.83
231,2024-02-10,232,Sáb,Alavés,Villarreal,1,1,1.8,1.2,0.51,0.49,17.0,4.0,0.24,13.0,3.0,0.23,432.0,321.0,0.74,420.0,325.0,0.77
232,2024-02-10,233,Sáb,Real Sociedad,Osasuna,0,1,1.5,0.5,0.68,0.32,21.0,3.0,0.14,9.0,2.0,0.22,631.0,527.0,0.84,299.0,196.0,0.66
233,2024-02-10,234,Sáb,Real Madrid,Girona,4,0,3.2,0.3,0.53,0.47,15.0,6.0,0.4,5.0,0.0,0.0,603.0,557.0,0.92,536.0,482.0,0.9
234,2024-02-10,235,Sáb,Las Palmas,Valencia,2,0,1.3,0.5,0.72,0.28,8.0,3.0,0.38,7.0,1.0,0.14,777.0,677.0,0.87,305.0,194.0,0.64
235,2024-02-11,236,Dom,Getafe,Celta Vigo,3,2,2.1,1.2,0.48,0.52,11.0,4.0,0.36,9.0,4.0,0.44,440.0,292.0,0.66,475.0,335.0,0.71
236,2024-02-11,237,Dom,Mallorca,Rayo Vallecano,2,1,0.9,1.6,0.49,0.51,8.0,5.0,0.63,11.0,4.0,0.36,452.0,309.0,0.68,474.0,345.0,0.73
237,2024-02-11,238,Dom,Sevilla,Atlético Madrid,1,0,1.0,1.5,0.39,0.61,10.0,6.0,0.6,16.0,4.0,0.25,435.0,353.0,0.81,673.0,576.0,0.86
238,2024-02-11,239,Dom,Barcelona,Granada,3,3,2.3,1.4,0.65,0.35,11.0,5.0,0.45,11.0,5.0,0.45,672.0,569.0,0.85,357.0,259.0,0.73
239,2024-02-12,240,Lun,Almería,Athletic Club,0,0,0.9,0.7,0.39,0.61,10.0,4.0,0.4,12.0,4.0,0.33,361.0,266.0,0.74,567.0,435.0,0.77
240,2024-02-16,241,Vie,Villarreal,Getafe,1,1,1.2,0.8,0.55,0.45,20.0,7.0,0.35,11.0,1.0,0.09,507.0,377.0,0.74,411.0,261.0,0.64
241,2024-02-17,242,Sáb,Atlético Madrid,Las Palmas,5,0,3.5,0.7,0.36,0.64,12.0,6.0,0.5,11.0,2.0,0.18,365.0,263.0,0.72,650.0,550.0,0.85
242,2024-02-17,243,Sáb,Osasuna,Cádiz,2,0,2.0,0.5,0.56,0.44,11.0,4.0,0.36,5.0,1.0,0.2,549.0,404.0,0.74,439.0,298.0,0.68
243,2024-02-17,244,Sáb,Celta Vigo,Barcelona,1,2,0.8,1.5,0.34,0.66,13.0,4.0,0.31,13.0,3.0,0.23,373.0,260.0,0.7,713.0,602.0,0.84
244,2024-02-17,245,Sáb,Valencia,Sevilla,0,0,1.0,0.0,0.54,0.46,14.0,4.0,0.29,1.0,1.0,1.0,636.0,534.0,0.84,543.0,441.0,0.81
245,2024-02-18,246,Dom,Rayo Vallecano,Real Madrid,1,1,1.1,1.1,0.41,0.59,7.0,2.0,0.29,11.0,4.0,0.36,379.0,292.0,0.77,556.0,457.0,0.82
246,2024-02-18,247,Dom,Granada,Almería,1,1,2.0,1.4,0.58,0.42,19.0,7.0,0.37,13.0,3.0,0.23,504.0,401.0,0.8,361.0,270.0,0.75
247,2024-02-18,248,Dom,Mallorca,Real Sociedad,1,2,0.1,1.1,0.33,0.67,4.0,1.0,0.25,19.0,5.0,0.26,262.0,154.0,0.59,542.0,436.0,0.8
248,2024-02-18,249,Dom,Betis,Alavés,0,0,0.8,0.5,0.62,0.38,13.0,1.0,0.08,13.0,4.0,0.31,559.0,452.0,0.81,349.0,233.0,0.67
249,2024-02-19,250,Lun,Athletic Club,Girona,3,2,1.8,2.1,0.31,0.69,14.0,7.0,0.5,12.0,5.0,0.42,319.0,241.0,0.76,718.0,632.0,0.88
250,2024-02-23,251,Vie,Real Sociedad,Villarreal,1,3,1.5,1.0,0.7,0.3,21.0,7.0,0.33,6.0,4.0,0.67,648.0,544.0,0.84,281.0,204.0,0.73
251,2024-02-24,252,Sáb,Barcelona,Getafe,4,0,3.1,0.5,0.67,0.33,17.0,9.0,0.53,10.0,4.0,0.4,616.0,523.0,0.85,298.0,192.0,0.64
252,2024-02-24,253,Sáb,Alavés,Mallorca,1,1,0.5,2.2,0.52,0.48,9.0,1.0,0.11,15.0,7.0,0.47,472.0,346.0,0.73,441.0,321.0,0.73
253,2024-02-24,254,Sáb,Almería,Atlético Madrid,2,2,0.5,1.5,0.4,0.6,9.0,4.0,0.44,18.0,9.0,0.5,406.0,309.0,0.76,597.0,493.0,0.83
254,2024-02-25,255,Dom,Cádiz,Celta Vigo,2,2,2.2,0.7,0.65,0.35,19.0,6.0,0.32,7.0,3.0,0.43,614.0,444.0,0.72,328.0,183.0,0.56
255,2024-02-25,256,Dom,Betis,Athletic Club,3,1,1.2,0.2,0.57,0.43,13.0,5.0,0.38,3.0,1.0,0.33,615.0,506.0,0.82,462.0,349.0,0.76
256,2024-02-25,257,Dom,Las Palmas,Osasuna,1,1,0.7,0.7,0.71,0.29,9.0,3.0,0.33,6.0,2.0,0.33,718.0,607.0,0.85,290.0,183.0,0.63
257,2024-02-25,258,Dom,Real Madrid,Sevilla,1,0,1.0,0.8,0.64,0.36,16.0,6.0,0.38,4.0,1.0,0.25,690.0,617.0,0.89,391.0,316.0,0.81
258,2024-02-26,259,Lun,Girona,Rayo Vallecano,3,0,2.2,0.5,0.54,0.46,14.0,8.0,0.57,7.0,1.0,0.14,565.0,478.0,0.85,473.0,389.0,0.82
259,2024-03-01,260,Vie,Celta Vigo,Almería,1,0,1.5,0.1,0.66,0.34,15.0,6.0,0.4,3.0,0.0,0.0,650.0,550.0,0.85,336.0,238.0,0.71
260,2024-03-02,261,Sáb,Sevilla,Real Sociedad,3,2,2.0,1.5,0.39,0.61,12.0,5.0,0.42,12.0,3.0,0.25,364.0,263.0,0.72,558.0,445.0,0.8
261,2024-03-02,262,Sáb,Rayo Vallecano,Cádiz,1,1,0.7,1.0,0.53,0.47,9.0,5.0,0.56,16.0,5.0,0.31,486.0,351.0,0.72,433.0,268.0,0.62
262,2024-03-02,263,Sáb,Getafe,Las Palmas,3,3,2.3,1.6,0.28,0.72,16.0,5.0,0.31,14.0,5.0,0.36,277.0,174.0,0.63,723.0,606.0,0.84
263,2024-03-02,264,Sáb,Valencia,Real Madrid,2,2,1.1,2.2,0.3,0.7,12.0,5.0,0.42,10.0,5.0,0.5,333.0,247.0,0.74,778.0,691.0,0.89
264,2024-03-03,265,Dom,Villarreal,Granada,5,1,2.0,0.5,0.48,0.52,16.0,10.0,0.63,9.0,3.0,0.33,468.0,389.0,0.83,503.0,418.0,0.83
265,2024-03-03,266,Dom,Atlético Madrid,Betis,2,1,3.0,0.6,0.42,0.58,16.0,11.0,0.69,12.0,6.0,0.5,481.0,372.0,0.77,657.0,532.0,0.81
266,2024-03-03,267,Dom,Mallorca,Girona,1,0,1.2,1.0,0.4,0.6,16.0,1.0,0.06,15.0,4.0,0.27,356.0,245.0,0.69,536.0,429.0,0.8
267,2024-03-03,268,Dom,Athletic Club,Barcelona,0,0,0.4,0.7,0.4,0.6,8.0,2.0,0.25,8.0,1.0,0.13,407.0,301.0,0.74,601.0,509.0,0.85
268,2024-03-04,269,Lun,Osasuna,Alavés,1,0,1.0,1.0,0.55,0.45,15.0,4.0,0.27,10.0,4.0,0.4,508.0,366.0,0.72,418.0,296.0,0.71
269,2024-03-08,270,Vie,Barcelona,Mallorca,1,0,2.0,0.6,0.63,0.37,19.0,5.0,0.26,9.0,3.0,0.33,649.0,564.0,0.87,375.0,281.0,0.75
270,2024-03-09,271,Sáb,Valencia,Getafe,1,0,0.8,1.3,0.51,0.49,10.0,3.0,0.3,15.0,5.0,0.33,444.0,323.0,0.73,427.0,296.0,0.69
271,2024-03-09,272,Sáb,Cádiz,Atlético Madrid,2,0,1.1,0.9,0.4,0.6,7.0,3.0,0.43,8.0,4.0,0.5,406.0,295.0,0.73,612.0,493.0,0.81
272,2024-03-09,273,Sáb,Granada,Real Sociedad,2,3,1.7,2.1,0.37,0.63,12.0,5.0,0.42,11.0,8.0,0.73,305.0,193.0,0.63,529.0,421.0,0.8
273,2024-03-09,274,Sáb,Girona,Osasuna,2,0,1.9,0.2,0.6,0.4,11.0,6.0,0.55,7.0,1.0,0.14,591.0,520.0,0.88,393.0,315.0,0.8
274,2024-03-10,275,Dom,Alavés,Rayo Vallecano,1,0,0.6,0.6,0.34,0.66,12.0,4.0,0.33,9.0,3.0,0.33,329.0,230.0,0.7,625.0,519.0,0.83
275,2024-03-10,276,Dom,Las Palmas,Athletic Club,0,2,1.2,1.1,0.7,0.3,14.0,2.0,0.14,7.0,2.0,0.29,697.0,585.0,0.84,296.0,190.0,0.64
276,2024-03-10,277,Dom,Real Madrid,Celta Vigo,4,0,3.4,0.8,0.62,0.38,25.0,13.0,0.52,11.0,1.0,0.09,674.0,604.0,0.9,405.0,331.0,0.82
277,2024-03-10,278,Dom,Betis,Villarreal,2,3,1.0,1.4,0.54,0.46,13.0,4.0,0.31,6.0,4.0,0.67,556.0,458.0,0.82,480.0,400.0,0.83
278,2024-03-11,279,Lun,Almería,Sevilla,2,2,2.0,2.4,0.44,0.56,14.0,4.0,0.29,19.0,6.0,0.32,456.0,349.0,0.77,590.0,464.0,0.79
279,2024-03-15,280,Vie,Real Sociedad,Cádiz,2,0,1.9,0.8,0.63,0.37,14.0,6.0,0.43,13.0,2.0,0.15,621.0,493.0,0.79,359.0,239.0,0.67
280,2024-03-16,281,Sáb,Mallorca,Granada,1,0,1.6,0.4,0.52,0.48,18.0,8.0,0.44,8.0,3.0,0.38,450.0,326.0,0.72,418.0,316.0,0.76
281,2024-03-16,282,Sáb,Osasuna,Real Madrid,2,4,0.7,2.9,0.36,0.64,10.0,4.0,0.4,17.0,9.0,0.53,355.0,269.0,0.76,619.0,529.0,0.85
282,2024-03-16,283,Sáb,Getafe,Girona,1,0,1.2,1.8,0.41,0.59,11.0,3.0,0.27,13.0,3.0,0.23,368.0,265.0,0.72,522.0,419.0,0.8
283,2024-03-16,284,Sáb,Athletic Club,Alavés,2,0,1.7,1.3,0.59,0.41,16.0,4.0,0.25,6.0,2.0,0.33,606.0,501.0,0.83,415.0,291.0,0.7
284,2024-03-17,285,Dom,Sevilla,Celta Vigo,1,2,1.7,1.6,0.36,0.64,11.0,4.0,0.36,18.0,5.0,0.28,390.0,306.0,0.78,698.0,615.0,0.88
285,2024-03-17,286,Dom,Las Palmas,Almería,0,1,0.9,0.8,0.65,0.35,21.0,6.0,0.29,3.0,2.0,0.67,664.0,548.0,0.83,353.0,243.0,0.69
286,2024-03-17,287,Dom,Villarreal,Valencia,1,0,2.0,1.1,0.52,0.48,12.0,6.0,0.5,14.0,7.0,0.5,513.0,412.0,0.8,466.0,345.0,0.74
287,2024-03-17,288,Dom,Rayo Vallecano,Betis,2,0,0.7,0.8,0.39,0.61,8.0,4.0,0.5,11.0,1.0,0.09,329.0,208.0,0.63,523.0,380.0,0.73
288,2024-03-17,289,Dom,Atlético Madrid,Barcelona,0,3,0.8,1.5,0.41,0.59,13.0,3.0,0.23,9.0,5.0,0.56,400.0,305.0,0.76,570.0,489.0,0.86
289,2024-03-29,290,Vie,Cádiz,Granada,1,0,1.6,0.5,0.59,0.41,13.0,5.0,0.38,10.0,2.0,0.2,525.0,409.0,0.78,366.0,250.0,0.68
290,2024-03-30,291,Sáb,Getafe,Sevilla,0,1,1.6,0.8,0.66,0.34,18.0,5.0,0.28,10.0,3.0,0.3,629.0,499.0,0.79,323.0,202.0,0.63
291,2024-03-30,292,Sáb,Almería,Osasuna,0,3,0.8,1.0,0.51,0.49,12.0,5.0,0.42,6.0,4.0,0.67,471.0,382.0,0.81,454.0,342.0,0.75
292,2024-03-30,293,Sáb,Valencia,Mallorca,0,0,1.5,0.9,0.53,0.47,14.0,4.0,0.29,11.0,3.0,0.27,538.0,424.0,0.79,469.0,361.0,0.77
293,2024-03-30,294,Sáb,Barcelona,Las Palmas,1,0,1.7,0.3,0.69,0.31,14.0,2.0,0.14,8.0,0.0,0.0,770.0,670.0,0.87,353.0,252.0,0.71
294,2024-03-31,295,Dom,Celta Vigo,Rayo Vallecano,0,0,0.8,0.6,0.61,0.39,13.0,0.0,0.0,8.0,2.0,0.25,625.0,526.0,0.84,406.0,312.0,0.77
295,2024-03-31,296,Dom,Girona,Betis,3,2,2.6,0.5,0.57,0.43,8.0,4.0,0.5,7.0,4.0,0.57,624.0,532.0,0.85,467.0,378.0,0.81
296,2024-03-31,297,Dom,Alavés,Real Sociedad,0,1,0.3,0.9,0.41,0.59,3.0,0.0,0.0,12.0,3.0,0.25,366.0,246.0,0.67,521.0,398.0,0.76
297,2024-03-31,298,Dom,Real Madrid,Athletic Club,2,0,1.1,0.3,0.58,0.42,9.0,4.0,0.44,7.0,3.0,0.43,681.0,600.0,0.88,485.0,391.0,0.81
298,2024-04-01,299,Lun,Villarreal,Atlético Madrid,1,2,0.8,1.3,0.52,0.48,11.0,2.0,0.18,14.0,8.0,0.57,561.0,474.0,0.84,509.0,425.0,0.83
299,2024-04-04,300,Jue,Granada,Valencia,0,1,0.6,0.4,0.57,0.43,13.0,3.0,0.23,6.0,2.0,0.33,486.0,353.0,0.73,362.0,245.0,0.68
300,2024-04-12,301,Vie,Betis,Celta Vigo,2,1,1.2,1.6,0.47,0.53,15.0,3.0,0.2,12.0,5.0,0.42,550.0,463.0,0.84,625.0,528.0,0.84
301,2024-04-13,302,Sáb,Atlético Madrid,Girona,3,1,2.3,2.4,0.41,0.59,16.0,3.0,0.19,12.0,5.0,0.42,461.0,378.0,0.82,661.0,591.0,0.89
302,2024-04-13,303,Sáb,Rayo Vallecano,Getafe,0,0,1.0,0.3,0.63,0.37,12.0,2.0,0.17,7.0,0.0,0.0,489.0,370.0,0.76,282.0,169.0,0.6
303,2024-04-13,304,Sáb,Mallorca,Real Madrid,0,1,0.6,1.5,0.44,0.56,6.0,2.0,0.33,16.0,8.0,0.5,467.0,367.0,0.79,593.0,505.0,0.85
304,2024-04-13,305,Sáb,Cádiz,Barcelona,0,1,1.0,0.9,0.38,0.62,14.0,3.0,0.21,12.0,1.0,0.08,379.0,271.0,0.72,609.0,505.0,0.83
305,2024-04-14,306,Dom,Las Palmas,Sevilla,0,2,0.1,2.1,0.63,0.37,5.0,2.0,0.4,10.0,3.0,0.3,666.0,579.0,0.87,395.0,327.0,0.83
306,2024-04-14,307,Dom,Granada,Alavés,2,0,1.3,0.3,0.38,0.62,8.0,2.0,0.25,8.0,3.0,0.38,302.0,197.0,0.65,489.0,366.0,0.75
307,2024-04-14,308,Dom,Athletic Club,Villarreal,1,1,0.7,2.1,0.53,0.47,13.0,6.0,0.46,8.0,1.0,0.13,542.0,449.0,0.83,490.0,390.0,0.8
308,2024-04-14,309,Dom,Real Sociedad,Almería,2,2,1.5,1.6,0.5,0.5,17.0,4.0,0.24,6.0,2.0,0.33,468.0,359.0,0.77,473.0,378.0,0.8
309,2024-04-15,310,Lun,Osasuna,Valencia,0,1,1.9,0.2,0.65,0.35,12.0,1.0,0.08,4.0,3.0,0.75,676.0,533.0,0.79,359.0,238.0,0.66
310,2024-04-19,311,Vie,Athletic Club,Granada,1,1,1.5,0.2,0.67,0.33,17.0,5.0,0.29,5.0,0.0,0.0,670.0,545.0,0.81,327.0,222.0,0.68
311,2024-04-20,312,Sáb,Celta Vigo,Las Palmas,4,1,4.0,1.0,0.32,0.68,21.0,13.0,0.62,9.0,4.0,0.44,386.0,310.0,0.8,803.0,722.0,0.9
312,2024-04-20,313,Sáb,Rayo Vallecano,Osasuna,2,1,0.5,0.5,0.64,0.36,17.0,6.0,0.35,6.0,2.0,0.33,596.0,462.0,0.78,342.0,210.0,0.61
313,2024-04-20,314,Sáb,Valencia,Betis,1,2,1.1,1.3,0.54,0.46,7.0,4.0,0.57,12.0,6.0,0.5,502.0,390.0,0.78,421.0,317.0,0.75
314,2024-04-20,315,Sáb,Girona,Cádiz,4,1,2.1,1.6,0.57,0.43,10.0,5.0,0.5,12.0,5.0,0.42,595.0,527.0,0.89,449.0,363.0,0.81
315,2024-04-21,316,Dom,Getafe,Real Sociedad,1,1,0.5,1.2,0.41,0.59,6.0,2.0,0.33,7.0,3.0,0.43,342.0,230.0,0.67,497.0,378.0,0.76
316,2024-04-21,317,Dom,Almería,Villarreal,1,2,1.8,1.6,0.57,0.43,24.0,5.0,0.21,11.0,3.0,0.27,551.0,475.0,0.86,415.0,345.0,0.83
317,2024-04-21,318,Dom,Alavés,Atlético Madrid,2,0,0.4,0.9,0.32,0.68,8.0,3.0,0.38,15.0,4.0,0.27,270.0,178.0,0.66,585.0,477.0,0.82
318,2024-04-21,319,Dom,Real Madrid,Barcelona,3,2,2.3,1.4,0.47,0.53,13.0,7.0,0.54,15.0,6.0,0.4,505.0,441.0,0.87,575.0,506.0,0.88
319,2024-04-22,320,Lun,Sevilla,Mallorca,2,1,1.1,0.7,0.54,0.46,11.0,4.0,0.36,8.0,5.0,0.63,562.0,466.0,0.83,487.0,381.0,0.78
320,2024-04-26,321,Vie,Real Sociedad,Real Madrid,0,1,0.6,0.4,0.56,0.44,9.0,3.0,0.33,5.0,3.0,0.6,575.0,479.0,0.83,455.0,370.0,0.81
321,2024-04-27,322,Sáb,Las Palmas,Girona,0,2,1.6,1.9,0.61,0.39,9.0,4.0,0.44,4.0,1.0,0.25,658.0,540.0,0.82,419.0,321.0,0.77
322,2024-04-27,323,Sáb,Almería,Getafe,1,3,2.4,1.7,0.56,0.44,21.0,10.0,0.48,8.0,5.0,0.63,436.0,337.0,0.77,344.0,244.0,0.71
323,2024-04-27,324,Sáb,Alavés,Celta Vigo,3,0,2.3,0.2,0.38,0.62,16.0,8.0,0.5,4.0,0.0,0.0,335.0,227.0,0.68,558.0,471.0,0.84
324,2024-04-27,325,Sáb,Atlético Madrid,Athletic Club,3,1,0.8,1.0,0.42,0.58,8.0,3.0,0.38,7.0,1.0,0.14,478.0,374.0,0.78,647.0,555.0,0.86
325,2024-04-28,326,Dom,Cádiz,Mallorca,1,1,0.4,0.9,0.58,0.42,10.0,2.0,0.2,9.0,2.0,0.22,526.0,394.0,0.75,386.0,262.0,0.68
326,2024-04-28,327,Dom,Granada,Osasuna,3,0,2.6,0.8,0.38,0.62,12.0,4.0,0.33,11.0,2.0,0.18,383.0,281.0,0.73,615.0,497.0,0.81
327,2024-04-28,328,Dom,Villarreal,Rayo Vallecano,3,0,1.4,1.0,0.46,0.54,15.0,7.0,0.47,20.0,4.0,0.2,445.0,371.0,0.83,533.0,450.0,0.84
328,2024-04-28,329,Dom,Betis,Sevilla,1,1,1.8,1.4,0.5,0.5,14.0,3.0,0.21,10.0,1.0,0.1,431.0,350.0,0.81,424.0,338.0,0.8
329,2024-04-29,330,Lun,Barcelona,Valencia,4,2,2.2,2.1,0.8,0.2,27.0,13.0,0.48,4.0,2.0,0.5,800.0,713.0,0.89,206.0,121.0,0.59
330,2024-05-03,331,Vie,Getafe,Athletic Club,0,2,4.5,0.6,0.64,0.36,33.0,8.0,0.24,7.0,2.0,0.29,601.0,469.0,0.78,335.0,231.0,0.69
331,2024-05-04,332,Sáb,Real Sociedad,Las Palmas,2,0,0.6,0.5,0.52,0.48,9.0,4.0,0.44,7.0,1.0,0.14,514.0,435.0,0.85,477.0,397.0,0.83
332,2024-05-04,333,Sáb,Real Madrid,Cádiz,3,0,2.3,0.9,0.7,0.3,19.0,9.0,0.47,7.0,2.0,0.29,838.0,756.0,0.9,355.0,274.0,0.77
333,2024-05-04,334,Sáb,Girona,Barcelona,4,2,1.8,2.6,0.4,0.6,9.0,6.0,0.67,15.0,6.0,0.4,416.0,341.0,0.82,621.0,542.0,0.87
334,2024-05-04,335,Sáb,Mallorca,Atlético Madrid,0,1,0.2,0.7,0.59,0.41,7.0,4.0,0.57,9.0,4.0,0.44,586.0,476.0,0.81,406.0,309.0,0.76
335,2024-05-05,336,Dom,Osasuna,Betis,0,2,0.8,1.1,0.42,0.58,12.0,2.0,0.17,10.0,4.0,0.4,403.0,293.0,0.73,566.0,462.0,0.82
336,2024-05-05,337,Dom,Celta Vigo,Villarreal,3,2,3.9,0.6,0.53,0.47,22.0,6.0,0.27,11.0,3.0,0.27,631.0,581.0,0.92,549.0,475.0,0.87
337,2024-05-05,338,Dom,Valencia,Alavés,0,1,0.9,0.8,0.58,0.42,13.0,1.0,0.08,14.0,4.0,0.29,483.0,371.0,0.77,350.0,241.0,0.69
338,2024-05-05,339,Dom,Rayo Vallecano,Almería,0,1,1.4,0.4,0.68,0.32,27.0,10.0,0.37,7.0,2.0,0.29,677.0,553.0,0.82,325.0,222.0,0.68
339,2024-05-05,340,Dom,Sevilla,Granada,3,0,1.7,0.4,0.6,0.4,11.0,5.0,0.45,8.0,3.0,0.38,588.0,477.0,0.81,393.0,286.0,0.73
340,2024-05-10,341,Vie,Alavés,Girona,2,2,1.7,1.7,0.36,0.64,14.0,8.0,0.57,15.0,5.0,0.33,339.0,267.0,0.79,613.0,541.0,0.88
341,2024-05-11,342,Sáb,Mallorca,Las Palmas,1,0,0.3,0.4,0.44,0.56,7.0,2.0,0.29,7.0,1.0,0.14,386.0,298.0,0.77,494.0,414.0,0.84
342,2024-05-11,343,Sáb,Villarreal,Sevilla,3,2,3.1,1.7,0.59,0.41,25.0,7.0,0.28,7.0,3.0,0.43,573.0,475.0,0.83,393.0,304.0,0.77
343,2024-05-11,344,Sáb,Granada,Real Madrid,0,4,1.0,1.5,0.42,0.58,12.0,1.0,0.08,13.0,7.0,0.54,420.0,342.0,0.81,572.0,493.0,0.86
344,2024-05-11,345,Sáb,Athletic Club,Osasuna,2,2,1.4,1.0,0.67,0.33,15.0,6.0,0.4,13.0,3.0,0.23,669.0,557.0,0.83,333.0,239.0,0.72
345,2024-05-12,346,Dom,Cádiz,Getafe,1,0,1.5,0.5,0.45,0.55,12.0,5.0,0.42,10.0,4.0,0.4,394.0,287.0,0.73,483.0,383.0,0.79
346,2024-05-12,347,Dom,Atlético Madrid,Celta Vigo,1,0,1.4,0.4,0.56,0.44,21.0,8.0,0.38,6.0,2.0,0.33,679.0,588.0,0.87,539.0,444.0,0.82
347,2024-05-12,348,Dom,Valencia,Rayo Vallecano,0,0,1.3,0.6,0.51,0.49,13.0,5.0,0.38,12.0,1.0,0.08,433.0,306.0,0.71,416.0,303.0,0.73
348,2024-05-12,349,Dom,Betis,Almería,3,2,0.8,1.2,0.48,0.52,14.0,7.0,0.5,14.0,7.0,0.5,551.0,453.0,0.82,598.0,509.0,0.85
349,2024-05-13,350,Lun,Barcelona,Real Sociedad,2,0,2.1,0.7,0.56,0.44,13.0,4.0,0.31,10.0,3.0,0.3,610.0,531.0,0.87,473.0,399.0,0.84
350,2024-05-14,351,Mar,Osasuna,Mallorca,1,1,0.4,1.0,0.52,0.48,10.0,4.0,0.4,10.0,4.0,0.4,506.0,371.0,0.73,458.0,337.0,0.74
351,2024-05-14,352,Mar,Real Madrid,Alavés,5,0,2.5,1.3,0.71,0.29,22.0,11.0,0.5,18.0,10.0,0.56,831.0,763.0,0.92,339.0,265.0,0.78
352,2024-05-14,353,Mar,Girona,Villarreal,0,1,1.6,0.6,0.67,0.33,22.0,4.0,0.18,11.0,3.0,0.27,810.0,728.0,0.9,408.0,338.0,0.83
353,2024-05-15,354,Mié,Rayo Vallecano,Granada,2,1,2.5,1.2,0.33,0.67,18.0,9.0,0.5,10.0,1.0,0.1,253.0,152.0,0.6,513.0,409.0,0.8
354,2024-05-15,355,Mié,Sevilla,Cádiz,0,1,1.3,2.5,0.56,0.44,14.0,3.0,0.21,19.0,7.0,0.37,510.0,421.0,0.83,400.0,298.0,0.75
355,2024-05-15,356,Mié,Celta Vigo,Athletic Club,2,1,0.7,0.2,0.53,0.47,10.0,4.0,0.4,7.0,2.0,0.29,565.0,453.0,0.8,495.0,378.0,0.76
356,2024-05-15,357,Mié,Getafe,Atlético Madrid,0,3,0.6,1.3,0.45,0.55,8.0,3.0,0.38,7.0,3.0,0.43,495.0,413.0,0.83,599.0,516.0,0.86
357,2024-05-16,358,Jue,Las Palmas,Betis,2,2,2.3,1.3,0.57,0.43,16.0,9.0,0.56,6.0,4.0,0.67,537.0,435.0,0.81,404.0,304.0,0.75
358,2024-05-16,359,Jue,Almería,Barcelona,0,2,0.9,1.6,0.36,0.64,12.0,3.0,0.25,16.0,7.0,0.44,403.0,333.0,0.83,730.0,649.0,0.89
359,2024-05-16,360,Jue,Real Sociedad,Valencia,1,0,1.3,0.8,0.57,0.43,10.0,5.0,0.5,7.0,3.0,0.43,599.0,485.0,0.81,444.0,329.0,0.74
360,2024-05-18,361,Sáb,Alavés,Getafe,1,0,1.2,0.3,0.48,0.52,9.0,2.0,0.22,10.0,4.0,0.4,296.0,175.0,0.59,317.0,205.0,0.65
361,2024-05-19,362,Dom,Atlético Madrid,Osasuna,1,4,1.6,1.8,0.56,0.44,14.0,2.0,0.14,15.0,6.0,0.4,531.0,434.0,0.82,409.0,314.0,0.77
362,2024-05-19,363,Dom,Athletic Club,Sevilla,2,0,1.6,0.9,0.53,0.47,15.0,6.0,0.4,9.0,4.0,0.44,534.0,447.0,0.84,468.0,370.0,0.79
363,2024-05-19,364,Dom,Betis,Real Sociedad,0,2,1.7,0.4,0.67,0.33,17.0,8.0,0.47,5.0,2.0,0.4,681.0,568.0,0.83,332.0,234.0,0.7
364,2024-05-19,365,Dom,Barcelona,Rayo Vallecano,3,0,1.3,1.3,0.72,0.28,14.0,6.0,0.43,15.0,4.0,0.27,677.0,604.0,0.89,269.0,194.0,0.72
365,2024-05-19,366,Dom,Mallorca,Almería,2,2,3.0,0.4,0.52,0.48,29.0,8.0,0.28,7.0,3.0,0.43,491.0,387.0,0.79,456.0,368.0,0.81
366,2024-05-19,367,Dom,Granada,Celta Vigo,1,2,1.9,1.7,0.49,0.51,10.0,3.0,0.3,8.0,5.0,0.63,467.0,348.0,0.75,485.0,379.0,0.78
367,2024-05-19,368,Dom,Valencia,Girona,1,3,3.2,2.6,0.37,0.63,19.0,5.0,0.26,18.0,5.0,0.28,380.0,317.0,0.83,653.0,583.0,0.89
368,2024-05-19,369,Dom,Cádiz,Las Palmas,0,0,0.9,0.6,0.49,0.51,10.0,3.0,0.3,9.0,1.0,0.11,492.0,354.0,0.72,517.0,390.0,0.75
369,2024-05-19,370,Dom,Villarreal,Real Madrid,4,4,1.7,1.0,0.43,0.57,21.0,7.0,0.33,12.0,6.0,0.5,545.0,476.0,0.87,721.0,654.0,0.91
370,2024-05-24,371,Vie,Girona,Granada,7,0,4.6,1.0,0.7,0.3,14.0,7.0,0.5,10.0,2.0,0.2,670.0,595.0,0.89,290.0,227.0,0.78
371,2024-05-25,372,Sáb,Osasuna,Villarreal,1,1,0.9,1.6,0.43,0.57,12.0,6.0,0.5,11.0,3.0,0.27,400.0,308.0,0.77,534.0,459.0,0.86
372,2024-05-25,373,Sáb,Real Sociedad,Atlético Madrid,0,2,0.6,2.2,0.59,0.41,14.0,2.0,0.14,10.0,4.0,0.4,573.0,499.0,0.87,403.0,334.0,0.83
373,2024-05-25,374,Sáb,Almería,Cádiz,6,1,2.9,0.5,0.46,0.54,27.0,12.0,0.44,12.0,4.0,0.33,466.0,390.0,0.84,551.0,467.0,0.85
374,2024-05-25,375,Sáb,Rayo Vallecano,Athletic Club,0,1,1.1,0.9,0.63,0.37,17.0,4.0,0.24,7.0,1.0,0.14,627.0,501.0,0.8,369.0,250.0,0.68
375,2024-05-25,376,Sáb,Real Madrid,Betis,0,0,1.0,0.7,0.59,0.41,13.0,4.0,0.31,11.0,3.0,0.27,682.0,621.0,0.91,467.0,389.0,0.83
376,2024-05-26,377,Dom,Getafe,Mallorca,1,2,0.9,1.4,0.5,0.5,16.0,6.0,0.38,9.0,4.0,0.44,443.0,360.0,0.81,439.0,341.0,0.78
377,2024-05-26,378,Dom,Las Palmas,Alavés,1,1,1.0,2.5,0.65,0.35,9.0,4.0,0.44,13.0,3.0,0.23,563.0,466.0,0.83,301.0,203.0,0.67
378,2024-05-26,379,Dom,Celta Vigo,Valencia,2,2,1.5,2.0,0.54,0.46,8.0,3.0,0.38,11.0,0.0,0.0,548.0,460.0,0.84,467.0,375.0,0.8
379,2024-05-26,380,Dom,Sevilla,Barcelona,1,2,1.5,1.3,0.39,0.61,15.0,6.0,0.4,11.0,6.0,0.55,438.0,373.0,0.85,677.0,612.0,0.9
